pro,Whom Do Sanctuary Cities Protect?,Boston Review
pro,The Most Entrepreneurial Group in America Wasn't Born in America.,Inc.com
pro,Entrepreneurship: An Engine for Job Creation and Inclusive Growth in the Arab World.,Brookings
pro,What Percentage of Businesses Fail in Their First Year?,The Montly Fool
pro,Who Really Employs Minimum Wage Workers?,Employment Policies Institute
pro,The Competition for Low-Wage Jobs,The New York Times
pro,The New York Times Company.,The New York Times
pro,What Trump Doesn't Tell You about Sanctuary Cities,MSNBC
pro,,
pro,,
pro,,
pro,,
pro,,
pro,,
pro,,
pro,,
pro,,
pro,,
pro,,
pro,,
pro,,
pro,,
pro,,
pro,,
pro,,
pro,,
pro,,
pro,,
pro,,
pro,,
pro,,
